executionTime,wakeUpLatency,interfered
16206146,-25051,0
13650052,-25207,0
14860521,-27187,0
14627240,-26353,0
14108021,-32760,0
15349427,-26770,0
15356823,-5780,0
14341719,-26405,0
14872864,-20103,0
15189271,-24061,0
13712344,-28385,0
14861354,-28176,0
12852032,-28645,0
13645938,-8645,0
12966875,9971250,0
13779427,-27290,0
14828854,-16509,0
12481615,-27708,0
13047969,-17655,0
12726823,-26665,0
12903854,-28905,0
11939948,-22551,0
11373854,-29061,0
10953593,-22290,0
10396198,-27343,0
10441771,-20677,0
10157761,-28437,0
11953386,-25052,0
10585729,-29270,0
10676666,-28957,0
11070365,-9218,0
9856355,155000,0
10426980,-25624,0
9226511,149062,0
10702501,-25260,0
8635937,152865,0
9310469,145781,0
9726927,130312,0
11624114,-26040,0
9003542,141250,0
11375469,-27135,0
10249740,-29583,0
10276511,-22343,0
9864010,147657,0
11086719,-27082,0
10217292,-26301,0
9506458,144948,0
9287916,146459,0
8934792,141302,0
9082813,128854,0
9040937,144011,0
10351562,-25311,0
8962396,143855,0
9926615,142448,0
10059635,-28228,0
11898958,-28384,0
11362448,-27656,0
11349114,-5311,0
9971927,144479,0
10174115,-23281,0
9842761,147239,0
9478854,127604,0
10361042,-25833,0
9022031,148698,0
9099114,146459,0
9300417,140833,0
11107813,-25103,0
9640521,145416,0
9630364,155313,0
9067083,145782,0
9613959,126354,0
9599062,142865,0
9857761,179062,0
9849115,128645,0
9780625,152135,0
10069739,-27707,0
12020989,-27551,0
10456407,-27708,0
11261042,-26822,0
12571615,-26822,0
12272084,-8645,0
12266458,-28020,0
12010729,-25936,0
10663333,-26249,0
10727084,-20885,0
10650312,-26145,0
11140417,-28593,0
11994843,-27395,0
10176406,-11874,0
10959115,-26354,0
11322292,-26614,0
11299323,-29113,0
11297239,-27082,0
11623438,-29322,0
10587239,-25676,0
9914792,143072,0
9977812,147136,0
11483698,-26509,0
11778229,-26926,0
10610886,-24374,0
11816302,-24530,0
11898803,-27604,0
12940625,-31614,0
13242605,-13124,0
13205052,-26561,0
13189948,-24113,0
13766980,-23333,0
20789583,9971615,0
22099896,-21405,0
20789271,-24791,0
21325312,-23020,0
21123073,-27343,0
21186042,-23801,0
19427240,-23124,0
16967552,-23124,0
18930001,-27343,0
19255365,-27030,0
19167344,-24010,0
19203698,-29582,0
19833803,-11979,0
20268854,-14218,0
18978698,-23385,0
18614896,-23801,0
18956042,-17656,0
17252813,-6041,0
17023802,-25728,0
14939115,-27968,0
13697709,-25989,0
15014583,-27655,0
14850833,-22811,0
12755521,-17082,0
13606303,-24010,0
13907604,-27447,0
15346666,-26769,0
16202500,-33072,0
15179063,-27811,0
12908750,-26614,0
13138958,-26770,0
13802760,-30468,0
14434323,-25520,0
13931927,-22968,0
11473386,-27812,0
11926459,-29739,0
12786042,-25728,0
12583750,-26197,0
13973177,-30937,0
12345937,-26509,0
12913178,-28489,0
13115885,-23801,0
13428073,-28436,0
14629636,-26249,0
12309375,-28957,0
12159427,-27967,0
12236302,-26353,0
13240573,-27290,0
12863646,-27551,0
14146615,-28124,0
13450885,-27186,0
13480990,-23697,0
13791146,-27552,0
14103959,-20416,0
14354896,-22342,0
16027240,-20833,0
13484427,-6821,0
13522709,-27083,0
14342605,-27916,0
14495417,-27760,0
15530886,-22552,0
14022917,-27551,0
14579010,-40728,0
14544062,-21717,0
14661823,-9113,0
14826302,-26770,0
15027605,-14635,0
13171407,-11145,0
14400052,-28489,0
14047708,-30624,0
14091355,-34270,0
14835469,-27238,0
13485104,-20572,0
14177135,-28801,0
14141666,-26092,0
15417552,-26145,0
13493229,-28332,0
13731302,-28749,0
15024688,-26406,0
13386823,-26874,0
14037344,-30416,0
12934375,-7447,0
14471718,-26457,0
13483282,-30989,0
12902604,-24842,0
13900052,-28124,0
13093125,-23280,0
13260312,-25468,0
13076562,-30936,0
12844010,-28176,0
13679740,-6458,0
13028541,-27446,0
12933072,-23332,0
14655990,-26510,0
13202552,-26457,0
13224844,-11770,0
13181094,-27186,0
13333438,-23124,0
13306406,-24999,0
13424479,-25467,0
11671979,-27187,0
12652083,-21457,0
13321354,-7083,0
12819167,-26093,0
14179948,-28124,0
12744219,-27604,0
12299688,-34322,0
12657604,-24478,0
12373021,-26040,0
12015625,-22968,0
12065364,-29166,0
11037448,-25832,0
11784115,-26405,0
12140313,-26458,0
12415885,-15832,0
13786094,-25051,0
11974636,-27812,0
12213333,-18697,0
12398438,-24218,0
12102813,-27707,0
11581458,-24009,0
12425729,-27603,0
10579791,-29061,0
11182032,-13176,0
11497188,-24531,0
11694791,-33697,0
13310364,-29061,0
10779479,-13905,0
11302917,-27082,0
11663490,-25468,0
11655417,-27916,0
11533646,-28124,0
11554375,-20728,0
11033334,-20781,0
11708907,-24843,0
12092032,-17604,0
11458489,-21978,0
13039375,-25208,0
11199844,-30520,0
11615104,-22395,0
11596875,-26613,0
11629792,-22499,0
11515416,-29738,0
11348906,-21561,0
11072709,-26874,0
10893907,-26302,0
11333854,-31145,0
10986875,-24790,0
12921458,-27759,0
11208125,-25520,0
10691979,-31249,0
10863489,-24999,0
12265989,-27291,0
11707032,-27552,0
13832969,-5937,0
12390104,-24634,0
11719427,-20884,0
12285781,-7707,0
12834427,-28593,0
12845520,-25051,0
14270886,-23749,0
13743698,-28176,0
13269011,-28853,0
16655729,-26874,0
13592813,-26614,0
15914427,-21978,0
14017084,-25051,0
12934010,-24999,0
13463386,-22604,0
12839635,-27551,0
13116250,-18229,0
12357084,-27343,0
11413959,-27499,0
11228386,-26406,0
11094635,-29009,0
11242969,-28280,0
12733906,-23333,0
11456511,-28333,0
11379792,-28124,0
11920729,-22343,0
11901458,-24114,0
12389844,-28384,0
12781354,-24791,0
12169166,-31040,0
10460573,-23958,0
9687812,147500,0
8483177,140312,0
11438385,-30363,0
9390937,144792,0
9745781,128750,0
9895364,144375,0
10186407,-28176,0
11218281,-28541,0
11355469,-26874,0
10442188,-19583,0
10291667,-27343,0
9866145,146719,0
9408438,143698,0
11040573,-26561,0
8223229,368698,0
8233542,148021,0
8816927,128854,0
9514948,144270,0
8631614,145573,0
9261406,145313,0
12682188,-26041,0
10834271,-21614,0
10663229,-26718,0
11811198,-22447,0
9992917,139791,0
10412760,-21093,0
10110417,-27811,0
11484219,-25207,0
9472188,145729,0
10067031,-29218,0
10097552,-31457,0
10441354,-26822,0
10373021,-28280,0
10353855,-23333,0
9879010,151042,0
9637604,161667,0
10064167,-15989,0
9878437,142813,0
11602552,-26718,0
9883020,145157,0
9751250,-9853020,0
9577448,130208,0
9763907,143385,0
9604635,144948,0
9797500,144792,0
9404948,150781,0
8526615,141875,0
9198854,146355,0
9154114,144792,0
10324583,-27187,0
8585729,132031,0
8778021,145625,0
8791146,141875,0
9419844,156093,0
9318594,144635,0
9332083,144583,0
9263750,148750,0
8444375,146458,0
9169479,146146,0
8941303,134531,0
10535573,-22187,0
8596094,145156,0
8974167,143906,0
8932917,142968,0
9430781,147344,0
9052500,142552,0
8950104,130261,0
9279323,152656,0
8291355,147031,0
9228438,149010,0
9002084,146510,0
10677760,-25884,0
8711145,145417,0
8991510,146927,0
8724583,146979,0
9334583,129271,0
9101198,146927,0
8882761,144114,0
9174687,157240,0
8291198,144063,0
9066354,146303,0
8827864,151719,0
10694583,-27343,0
8577239,146354,0
8746667,130416,0
8687344,141198,0
8909063,141354,0
9036094,161614,0
8511615,142239,0
9256667,152917,0
8685833,144740,0
9514844,132343,0
9223178,147604,0
10896198,-27291,0
9192396,147396,0
9077083,144844,0
9279948,149740,0
9585156,153542,0
9919167,145208,0
9378333,146927,0
9521146,151979,0
8905208,145781,0
9420781,128281,0
9612083,140521,0
11051458,-28957,0
9305364,148646,0
9079844,141823,0
9402813,148385,0
9508021,149583,0
9756667,137135,0
9056979,148542,0
9345052,134948,0
9010781,145678,0
9426511,148437,0
9453334,146198,0
10855260,-29061,0
9525781,158802,0
9207291,144011,0
9637604,142083,0
9644063,146458,0
9685938,143854,0
9222760,140678,0
9553802,154219,0
9221927,144271,0
9628229,140469,0
10006198,141875,0
11371563,-12343,0
10192396,-26926,0
9774792,144218,0
9887291,143282,0
10065625,-29218,0
10090208,-29791,0
9790677,140937,0
9799479,154062,0
9840781,143490,0
10359948,-26718,0
10298593,-26822,0
11857448,-27395,0
10228750,-25937,0
10294166,-26457,0
10482292,-22968,0
11057031,-27290,0
11052448,-16874,0
10901823,-28333,0
10455052,-22864,0
10426823,-27708,0
11095834,-29427,0
11008750,-23697,0
12380625,-27291,0
10786406,-27551,0
10572084,-32499,0
10723907,-27135,0
10726406,-7864,0
10754271,-30416,0
10212812,-27499,0
10250313,-26614,0
9874948,143281,0
10635625,-26614,0
10330937,-21040,0
11705573,-9531,0
10066614,-29478,0
10135469,-22187,0
9801614,139740,0
10483229,-26405,0
10371562,-27655,0
10222604,-27343,0
9778697,152240,0
9498230,142135,0
10413020,-26301,0
10188594,-27395,0
11809739,-20467,0
10092136,-30208,0
10305053,-22500,0
10186406,-27760,0
10799479,-29166,0
10503177,-15833,0
10480625,-22863,0
10252291,-24738,0
10321979,-28124,0
10520417,-26509,0
10569166,-29165,0
11634479,-13905,0
9945416,148334,0
9932709,143125,0
10232031,-20937,0
10343178,-24895,0
10439323,-10051,0
9599740,147864,0
9474011,148594,0
9725000,146979,0
10211875,-24635,0
10432865,-11405,0
12111146,-25260,0
10171927,-27239,0
10198594,-28229,0
10239115,-21249,0
10846875,-30676,0
10806562,-14582,0
10220938,-25260,0
9758334,152656,0
9371511,142291,0
9943750,145365,0
9790052,147291,0
11687396,-28280,0
9847761,147396,0
10198594,-25104,0
10176146,-33593,0
10547447,-27707,0
10201355,-25572,0
10310573,-28853,0
9506875,149792,0
8895469,141458,0
10103281,-26978,0
10051250,-30468,0
11887813,-29687,0
10116823,-27083,0
9831250,146250,0
9558906,146146,0
10100208,-24009,0
9877604,143854,0
9368281,149271,0
9006719,149323,0
8295782,145729,0
8612448,143073,0
8614167,130937,0
10150312,-21822,0
8291927,146510,0
8498281,143594,0
8458645,148125,0
9071250,143333,0
8843437,145417,0
8794375,127552,0
10083906,-28020,0
10155053,-24583,0
10615625,-22135,0
10786459,-24739,0
11723959,-20728,0
9503229,149740,0
10379635,-23124,0
9743646,144271,0
10408021,-25103,0
10446927,-25155,0
10008542,143281,0
9727187,151823,0
10430781,-35884,0
9901146,144636,0
10665000,-21301,0
11376562,-21457,0
11088229,-28228,0
9887084,147083,0
10551146,-26666,0
10606823,-26406,0
10813906,-29478,0
9997500,149583,0
10360000,-27603,0
9622708,142031,0
10291979,-26457,0
10580729,-26041,0
11610677,-29165,0
9701302,153177,0
10236146,-9635,0
10015989,143177,0
10940469,-23177,0
11182969,-25311,0
10723490,-27864,0
10595208,-8957,0
10000000,145209,0
11037760,-26509,0
10924583,-26197,0
11827708,-25624,0
10476406,-27811,0
9990312,144271,0
10318542,-23957,0
9783333,145208,0
10527761,-25260,0
9642657,148281,0
9899688,136198,0
9606198,142395,0
10071251,-28802,0
10705886,-26249,0
11304271,-9947,0
10638385,-26249,0
10671250,-27811,0
10545208,-28488,0
10876562,-27811,0
10267240,-27187,0
9758021,129218,0
10312917,-29062,0
9564062,129584,0
10329062,-21978,0
10661771,-27447,0
12066666,-27967,0
10628386,-29791,0
11072292,-8384,0
10483229,-24947,0
11099895,-28384,0
11328958,-26926,0
11006980,-28593,0
10858073,-27656,0
10097604,-31040,0
10957865,-27083,0
11163541,-27030,0
12202760,-26145,0
10468906,-24582,0
10848906,-27186,0
10507031,-26249,0
10783802,-27759,0
11081615,-26874,0
10843281,-27863,0
10887031,-27343,0
10398385,-28541,0
10518958,-28957,0
10893698,-27812,0
12137239,-27499,0
10275416,-24217,0
10367500,-25884,0
9896093,148646,0
10527916,-21353,0
10270365,-24322,0
9887135,145521,0
10401510,-9269,0
9490990,150208,0
8906666,143021,0
10429115,-27864,0
8722865,145885,0
10204219,-27656,0
8813698,137969,0
9320052,142500,0
9655469,142604,0
9754375,146614,0
9498021,148229,0
9697604,146875,0
9660208,154063,0
9039219,143490,0
8518593,144532,0
8683125,133802,0
10359532,-20833,0
8201979,147917,0
8546198,146562,0
8155052,141667,0
8208229,140364,0
8094375,144427,0
8661980,144895,0
9721302,148490,0
9572553,130677,0
9834479,146927,0
9897500,146927,0
11351302,-27603,0
9720260,146198,0
10329323,-22603,0
9658333,146563,0
9305260,147448,0
9161719,129323,0
9309688,144271,0
9694740,149270,0
9131822,148855,0
9050469,148906,0
8371614,147917,0
10731823,-13593,0
8909479,144010,0
9839323,146927,0
9452656,134844,0
9055208,147813,0
8591146,-9854374,0
8787813,146250,0
9456355,150885,0
8487291,146719,0
8641042,146510,0
8418229,143854,0
10736406,-27759,0
8686614,150886,0
9371875,144896,0
8971927,147865,0
9079427,147500,0
8892240,147239,0
9053281,147969,0
9443542,150260,0
8339635,151771,0
8618020,130469,0
8603281,148542,0
10249375,-26093,0
8468385,149532,0
9284167,375365,0
9473333,149115,0
9486302,129011,0
9339114,146302,0
9408802,144948,0
9270364,135157,0
9142135,142292,0
8535990,147917,0
8908385,143646,0
10535417,-27551,0
8951250,146094,0
9546771,129844,0
9461927,140365,0
9460364,149532,0
9746510,145938,0
9372604,149063,0
9577761,151875,0
9413698,158073,0
9216458,145521,0
9002240,149687,0
10841823,-26353,0
8994062,144479,0
8950521,145677,0
9211250,368698,0
8849323,145417,0
9029844,145521,0
8874844,143906,0
9738386,156145,0
9079323,147760,0
9156511,130000,0
8878021,147552,0
10693594,-25885,0
9252187,142240,0
9489792,145312,0
9633125,141875,0
8971875,144479,0
9194427,147395,0
8687239,141563,0
9646666,137448,0
9007031,152240,0
8793802,150000,0
9591667,158437,0
10984791,-30884,0
9341354,150729,0
9559791,145834,0
9962865,146458,0
9564480,373229,0
9710989,132136,0
9744688,149218,0
9708855,153906,0
9968073,144636,0
9691302,147500,0
9279219,142135,0
10453385,-27916,0
8976927,144479,0
8989427,180052,0
8896823,129687,0
8522812,147813,0
8209479,146042,0
8706667,145364,0
9542031,151511,0
9156198,145990,0
8671302,143177,0
9086719,131354,0
11025886,-24687,0
9273229,128177,0
9679792,144791,0
9371250,146562,0
9020157,149114,0
8514635,374948,0
8635156,149792,0
9375000,150000,0
9073437,131979,0
8765989,147917,0
8590469,173125,0
10606875,-9166,0
8697135,145782,0
9295782,142500,0
9023437,146302,0
8954011,149062,0
8905261,129687,0
9130625,142292,0
9462865,146875,0
8597656,138646,0
8580729,148333,0
8469167,145937,0
10792448,-22343,0
8661198,145416,0
9174375,148958,0
9060417,129687,0
9184115,147395,0
9168646,143542,0
9389323,147031,0
9839219,152500,0
9015573,143594,0
9278281,142344,0
8887969,149115,0
11204427,-26770,0
9054323,129115,0
9461354,-9850259,0
9142656,145781,0
8756979,144844,0
8859062,146146,0
9016563,156615,0
9724323,150521,0
8872031,143021,0
8962917,143802,0
8552396,148125,0
10279270,-20415,0
8191718,-9856769,0
8800677,148229,0
8647032,143750,0
8711615,146354,0
8537188,142916,0
8709062,129792,0
9815417,134270,0
8921979,148541,0
8920104,146979,0
8967552,146302,0
11097239,-26770,0
9148906,145782,0
9666511,147500,0
9391666,142240,0
9252344,127813,0
9341406,151354,0
9020313,144531,0
9627761,151614,0
8807240,147448,0
9039115,148229,0
8640521,146198,0
10701406,-26145,0
8412604,145938,0
8923907,129166,0
8852812,144792,0
8412500,144792,0
8651615,143333,0
8485417,143437,0
9666407,150677,0
8771666,148750,0
8684740,144739,0
8510000,147240,0
10305052,-26301,0
8654115,145313,0
8936979,148542,0
8900990,147292,0
8422865,149583,0
8778125,142240,0
8460885,149531,0
9445886,133854,0
8723489,140938,0
8401094,141146,0
8681615,144844,0
10314584,-28437,0
8676771,146719,0
8690833,148125,0
8980312,145000,0
8476719,156198,0
8529948,132031,0
8789166,144011,0
9044323,157864,0
8670104,143177,0
8369114,145573,0
8398750,145364,0
10330157,-27499,0
8520521,141770,0
8824740,140833,0
8681927,142083,0
8523490,146875,0
8208802,146250,0
8470833,145521,0
9210469,155781,0
8557344,146250,0
8246875,141355,0
8811563,128802,0
10885729,-20207,0
9089062,129167,0
9908386,143073,0
10129739,-24009,0
10391250,-28332,0
10320208,-27499,0
10092708,-25832,0
9957240,151406,0
10308698,-26614,0
9760782,149270,0
9942917,128802,0
11344427,-19635,0
9664427,146407,0
9706094,142448,0
9816562,142344,0
9470729,-9853072,0
9580052,131875,0
9112084,147291,0
9450990,151458,0
8956667,132031,0
9056927,149792,0
8706510,150782,0
10740469,-25884,0
8809948,143021,0
9332709,144896,0
9311406,129479,0
8940104,157344,0
8682552,147969,0
8869010,146615,0
9678386,155156,0
9235208,144115,0
8827292,150937,0
8740469,146198,0
10783698,-29374,0
8907187,128542,0
9215885,146563,0
9346562,145052,0
9277240,142448,0
9429531,149219,0
9495157,145312,0
10236510,-26353,0
9516875,148385,0
9163490,144948,0
8949636,130312,0
10760729,-26301,0
9073333,148021,0
9456823,141302,0
9289531,148177,0
9187708,143698,0
8914688,151770,0
9310104,146875,0
9804896,153021,0
9335937,131042,0
9317604,148125,0
9077396,153125,0
11192187,-26457,0
9391667,367864,0
9970521,148646,0
9622708,146458,0
9529635,142552,0
9091250,159948,0
9450000,130364,0
9898594,153437,0
9613490,146510,0
10202813,-27239,0
10478125,-24166,0
12686354,-25676,0
10563386,-20624,0
11083073,-25884,0
11063437,-27395,0
10553958,-24426,0
10625469,-29374,0
10662917,-25520,0
10838438,-25937,0
10562396,-24374,0
10499427,-24374,0
10302760,-27551,0
11981980,-28020,0
10073490,-9531,0
10545156,-11978,0
10102188,-29218,0
9884011,144062,0
9681822,153542,0
10169271,-26770,0
10241198,-26666,0
9407239,169323,0
9775312,149948,0
9555261,146718,0
11775104,-24634,0
9724427,147344,0
9338385,327188,0
9230885,146198,0
9690156,176927,0
11962656,-6145,0
10764375,-27499,0
11205833,-26665,0
10776250,-26926,0
10940156,-26874,0
11074167,-31926,0
10976041,-9946,0
11185416,-26353,0
11312240,-25624,0
10742500,-5156,0
11448906,-27187,0
12990208,-25780,0
12461093,-23020,0
11611302,-10207,0
12577448,-30780,0
10788229,-27551,0
12117135,-29530,0
10821771,-28540,0
11864114,-26665,0
9838438,151771,0
10075469,-30208,0
9944167,144271,0
11608802,-28124,0
10248542,-22083,0
10272292,-24895,0
10392968,-24999,0
10658229,-27811,0
10451458,-23905,0
11038281,-26197,0
10900521,-26822,0
10828907,-25052,0
11362136,-27499,0
11515782,-28385,0
12672240,-27864,0
11109010,-24374,0
11213854,-30676,0
11639896,-25312,0
10691718,-27290,0
11783437,-31040,0
11220209,-23124,0
10758698,-27030,0
10583490,-26249,0
10553125,-7551,0
10792656,-25572,0
11894635,-28592,0
10220469,-27655,0
10473750,-33072,0
10651354,-26770,0
10680052,-28645,0
10210105,-13489,0
10072813,-14687,0
10393645,-23436,0
9092708,151042,0
9783281,146407,0
9628385,142552,0
11370365,-25676,0
9187552,143125,0
10272240,-15728,0
10812292,-23176,0
10575417,-26145,0
10253541,-28228,0
10334740,-22291,0
9681093,152032,0
8892500,129948,0
9223906,149531,0
9135573,146145,0
11460625,-27186,0
9478073,382083,0
9685104,148959,0
9737083,145990,0
9061198,146302,0
9862969,142396,0
9297344,142813,0
10481302,-22447,0
9974480,142708,0
9926146,154427,0
10004063,147448,0
11985938,-26718,0
10595834,-27708,0
10596980,-26197,0
10804688,-7864,0
9128906,146042,0
10291354,-26041,0
9248802,152187,0
10669375,-26874,0
9220886,141354,0
10373073,-30572,0
10908333,-8853,0
12748489,-25520,0
10136354,-28228,0
10822657,-27135,0
9940886,145208,0
10105521,-25572,0
9436615,147344,0
9269219,144167,0
13173907,-25052,0
13573542,-28645,0
13167291,-25519,0
13075573,-24843,0
14498021,-32447,0
13277865,-27239,0
13098334,-29166,0
12781459,-26458,0
12591146,-29218,0
12555416,-25415,0
12791146,-27499,0
13093802,-30364,0
12467864,-26093,0
12521927,-25520,0
12347084,-27135,0
13941198,-26561,0
12639479,-28124,0
13125365,-22447,0
13292865,-25833,0
12992031,-28645,0
12982396,-19322,0
13006041,-24061,0
13540468,-26926,0
12976511,-27603,0
13049427,-17447,0
12862760,-23489,0
14146094,-31562,0
12569011,-28906,0
13100520,-30155,0
12872500,-25520,0
12613021,-25937,0
12638542,-28280,0
12764896,-27343,0
13394323,-27759,0
12556042,-22447,0
12756094,-28958,0
12517969,-28020,0
14314532,-31249,0
12835417,-29322,0
12594218,-28228,0
12021042,-21197,0
12655261,-28802,0
12933021,-28802,0
12504271,-10989,0
12925729,-27968,0
12732344,-14166,0
12053230,-26145,0
12632292,-23385,0
13952761,-4479,0
12746094,-28072,0
12750677,-23228,0
13519896,-23802,0
13200573,-26301,0
13098594,-31353,0
12496302,-25416,0
12895730,-7239,0
12844063,-29426,0
12626459,-27708,0
12694896,-13541,0
14369167,-27603,0
12783959,-27031,0
12932760,-22863,0
12760417,-27395,0
13078750,-28593,0
12904792,-24843,0
12881250,-27968,0
12628020,-23332,0
12808125,-27864,0
12416980,-9531,0
12468490,-26979,0
14380261,-28854,0
12307136,-23802,0
12741459,-26927,0
12375886,-24426,0
12385677,-17447,0
12534479,-27395,0
12519062,-26197,0
12234896,-25260,0
12209219,-28177,0
11917240,-20989,0
11857292,-25988,0
12752708,-28644,0
11448958,-22291,0
12259062,-10051,0
11809063,-24791,0
11281719,-29582,0
11442448,-28541,0
11549844,-29114,0
11090938,-25312,0
11026146,-28072,0
11090156,-31405,0
11041875,-18593,0
13193281,-27812,0
11171719,-28333,0
11544895,-28019,0
11403125,-14009,0
10779844,-26666,0
11115313,-26875,0
11555781,-28489,0
10833177,-27239,0
11112657,-25468,0
11146042,-25989,0
10866406,-25103,0
11906146,-30780,0
11281563,-21353,0
11849428,-26145,0
11377709,-27031,0
10009219,145833,0
10069323,-31197,0
11472812,-29009,0
10777761,-25103,0
11319011,-25624,0
10683177,-34634,0
10053750,-30676,0
12173802,-9218,0
11802552,-25364,0
11985989,-26769,0
11406927,-27447,0
10600886,-21770,0
10939062,-22394,0
11489271,-28124,0
10952917,-28384,0
11246667,-14895,0
11109948,-25208,0
10798803,-34114,0
13013802,-30311,0
10144011,-27708,0
11485260,-23436,0
11668750,-27134,0
11125521,-28645,0
9954166,145886,0
9908490,146146,0
10666979,-26353,0
10719583,-25676,0
10653854,-28593,0
10679427,-23697,0
11571146,-28853,0
9343073,147500,0
10996927,-26718,0
10795417,-13957,0
10136771,-23802,0
10818854,-23853,0
11317240,-26301,0
10983125,-4061,0
10163854,-25884,0
10083593,-29894,0
10589791,-24061,0
11878698,-28281,0
10267709,-25572,0
10307865,-27864,0
10156094,-26979,0
9326354,176667,0
10879062,-11614,0
9531042,143177,0
10366302,-25624,0
10176979,-23697,0
9543073,143229,0
9345886,143750,0
11290625,-31770,0
9556979,142761,0
10780678,-23749,0
10380833,-27655,0
9759219,129271,0
10212396,-22238,0
9238959,147291,0
10903281,-11353,0
9797604,140573,0
9729375,146823,0
9715834,143177,0
11328073,-26562,0
9949323,145886,0
9563854,146771,0
9682136,146093,0
10217709,-29010,0
9183907,142656,0
9606718,150105,0
10503073,-23541,0
9161042,147239,0
9875937,146928,0
9953333,148125,0
11637083,-27186,0
9953802,152865,0
9867240,146406,0
10262135,-10467,0
10649531,-22811,0
10469532,-33853,0
10464739,-22395,0
10652500,-24218,0
10265885,-21249,0
10011146,142813,0
9802812,146406,0
12610885,-28072,0
9887657,146250,0
10430208,-27238,0
11286875,-35572,0
9290364,149271,0
9951719,147344,0
9427188,143906,0
10925260,-24582,0
10654375,-28281,0
10887709,-27864,0
9845052,144479,0
11851354,-30624,0
10522917,-24218,0
10784792,-26510,0
11241980,-26197,0
11010938,-25259,0
11556250,-27082,0
10910364,-7186,0
11471667,-24009,0
10859270,-24426,0
11384948,-29895,0
11224270,-21665,0
13184167,-27187,0
11584167,-27395,0
11961563,-32447,0
12161927,-28332,0
11491823,-26822,0
11373958,-25728,0
11657448,-27551,0
11854167,-26302,0
11351458,-24426,0
11052136,-32135,0
11920729,-12603,0
12903750,-26405,0
11154479,-26874,0
11733177,-25468,0
10783334,-25833,0
10539532,-25364,0
11800989,-24999,0
10972292,-27864,0
10673437,-25207,0
10764219,-26874,0
10456927,-25781,0
10585781,-24687,0
12664011,-26927,0
9763854,148438,0
11533177,-15572,0
11162344,-24635,0
10733178,-27864,0
10847500,-26249,0
11045000,-27760,0
11711771,-25572,0
11386093,-27446,0
11140937,-24374,0
11815833,-29739,0
13453594,-26874,0
11618906,-24947,0
12088697,-27030,0
12148490,-14062,0
12335261,-21301,0
11873646,-27655,0
11871146,-27916,0
12619375,-27394,0
12088698,-26562,0
11976302,-25051,0
12055521,-27864,0
13692917,-29114,0
11627031,-18801,0
11767188,-26405,0
12037448,-28020,0
11826354,-23280,0
11953803,-14427,0
12061823,-28593,0
12076511,-22812,0
12175833,-25884,0
12143958,-23176,0
11690000,-28280,0
13093542,-14843,0
11893542,-29739,0
11816042,-23697,0
11694115,-30832,0
11575781,-21822,0
11650000,-20208,0
11763021,-26405,0
12159688,-27082,0
12197865,-26822,0
11908073,-28749,0
12576667,-8385,0
13697865,-26145,0
12341875,-26197,0
12825312,-15520,0
12673385,-22395,0
12187917,-29114,0
12433646,-7083,0
12504062,-25572,0
12755885,-13801,0
12464531,-25780,0
12052812,-22707,0
11977344,-22030,0
13681823,-28020,0
11990885,-25415,0
12876407,-31250,0
12727500,-25832,0
12410677,-27812,0
12518125,-35051,0
12451927,-27759,0
11995886,-28229,0
12459636,-26145,0
12307344,-27030,0
11744896,-24895,0
13646667,-6978,0
12145625,-26301,0
12338333,-26770,0
12216927,-18385,0
12426614,-25519,0
12407552,-28645,0
12284219,-27186,0
13014427,-26770,0
12292552,-30780,0
12110729,-27708,0
12158437,-26718,0
13706094,-25884,0
12137500,-29165,0
12358386,-20989,0
12613542,-26353,0
11949218,-25051,0
12068646,-26249,0
12367031,-26249,0
12097032,-26770,0
12067136,-27395,0
12125885,-27499,0
12022760,-22239,0
13662344,-22239,0
12392344,-28176,0
12585834,-26197,0
12868229,-27447,0
12556354,-26770,0
12300156,-20364,0
12366614,-28280,0
12964063,-19739,0
12150990,-29583,0
12071458,-28749,0
12128178,-24010,0
13792760,-27186,0
12022240,-28645,0
12251875,-22968,0
12117552,-27811,0
12026093,-27082,0
11938646,-22395,0
12042292,-13749,0
12006771,-26718,0
11904427,-23176,0
11704011,-26301,0
11878177,9967448,0
13515729,-27395,0
11766250,-18020,0
12233177,-28280,0
11858438,-25155,0
11741719,-27864,0
11524323,-19061,0
11757031,-22811,0
12046511,-29895,0
12229375,-28176,0
11618750,-28906,0
11602083,-27968,0
13450105,-31197,0
11906771,-25260,0
12107500,-26770,0
12152291,-26145,0
11969167,-25520,0
11642031,-26770,0
11940989,-25780,0
12447448,-26614,0
11950573,-27499,0
12042083,-27915,0
11874896,-16249,0
13580521,-28333,0
12348385,-33384,0
12138438,-9374,0
12291615,-26197,0
11973489,-29478,0
12018802,-25780,0
11841927,-20884,0
12236406,-28384,0
12077813,-8853,0
12017604,-26301,0
12120729,-27187,0
13485052,-28019,0
12044062,-17186,0
12288334,-26926,0
12358802,-27395,0
11896718,-21509,0
11683281,-23176,0
12066771,-27499,0
12532760,-27655,0
12203698,-25937,0
11662813,-30624,0
12173281,-17916,0
13373646,-27135,0
11486719,-26926,0
11648385,-18957,0
11911666,-24686,0
11651094,-28333,0
11785417,-23489,0
11867344,-31770,0
11961980,-27031,0
12179687,-27395,0
11725000,-15416,0
11546041,-33488,0
13557239,-28540,0
11784844,-22187,0
12240000,-24269,0
12344844,-26509,0
11857343,-25311,0
11484948,-10103,0
11859843,-25988,0
11947188,-23854,0
11958698,-21249,0
11732395,-29426,0
11683386,-27395,0
13316927,-27499,0
11730156,-24895,0
12334427,-27499,0
12128333,-26405,0
11553698,-7864,0
11659635,-27863,0
12145417,-26562,0
11595677,-22446,0
11352865,-21979,0
11768490,-24843,0
11592657,-22499,0
13472343,-23853,0
11597084,-27135,0
12037813,-25468,0
12265312,-28905,0
11819583,-28020,0
11982969,-26613,0
12044739,-28020,0
12110520,-25103,0
11933855,-26249,0
11592448,-23541,0
11433229,-17812,0
13241250,-26978,0
11964011,-27812,0
12166406,-30989,0
12591511,-25729,0
11940782,-27395,0
11652344,-25676,0
12283385,-6613,0
12087083,-27134,0
11658020,-31353,0
11181511,-22395,0
11278229,-27499,0
13301927,-26770,0
11801458,-30884,0
12060053,-23072,0
11725678,-24166,0
11261354,-26197,0
11681354,-25624,0
11858229,-22239,0
11929062,-29061,0
12127448,-23540,0
11621823,-27759,0
11361667,-24791,0
13672865,-25520,0
11433802,-22343,0
12037812,-23072,0
12083489,-24634,0
12045156,-24686,0
11648645,-20467,0
11547500,-23020,0
12091615,-31041,0
11971042,-28176,0
11565261,-27291,0
11289792,-24426,0
13207500,-27655,0
11605937,-26978,0
12095313,-27707,0
12222344,-28124,0
11322136,-11770,0
11781198,-27030,0
11727552,9973073,0
11983281,-17603,0
11690261,-23645,0
11361979,-26093,0
11397553,-23020,0
13417344,-22915,0
11618489,-26978,0
11747761,-26978,0
12029271,-26718,0
11421146,-11509,0
11481615,-29061,0
11772187,-29426,0
11811459,-27135,0
11778542,-27291,0
11520781,-26562,0
11514323,-28437,0
13081979,-15728,0
11201302,-29634,0
11894375,-23488,0
12053282,-26354,0
11404167,-19270,0
11613125,-22239,0
11421250,-26353,0
12283230,-25729,0
11613750,-27447,0
11120677,-26614,0
11173333,-32291,0
12576302,-21510,0
11345416,-26665,0
11571927,-30467,0
11327188,-26406,0
11148750,-30572,0
11113177,-17239,0
10722812,-25259,0
11850052,-27447,0
11786563,-15103,0
10997448,-26874,0
11744844,-26718,0
13449427,-33593,0
11365990,-14062,0
11970313,-26249,0
11793490,-28853,0
11836250,-26978,0
11538907,-6562,0
11598281,-24791,0
11845417,-25416,0
12085313,-23072,0
11270729,-24791,0
10801145,-28124,0
12942865,-28697,0
10856927,-14791,0
11416719,-26249,0
11434115,-26509,0
11029583,-27134,0
10688437,-26769,0
10837448,-28228,0
11328854,-28332,0
11865781,-26405,0
11410625,-27083,0
10996614,-14582,0
12983854,-27030,0
10895521,-27291,0
11122448,-27134,0
11031667,-25260,0
10950417,-12655,0
11517708,-27655,0
11349270,-29634,0
12116822,-22655,0
11634323,-29218,0
11750364,-28697,0
11740417,-27082,0
13094427,-19218,0
11270104,-27395,0
11830573,-25051,0
11136771,-26978,0
11395885,-20832,0
11338229,-25051,0
11601041,-26145,0
11499687,-22707,0
11244844,-21197,0
10822344,-22708,0
10918021,-29478,0
12570625,-24322,0
10872396,-23280,0
11720989,-22395,0
11300521,-24687,0
11131302,-28124,0
11363281,-24061,0
11315573,-33124,0
11340990,-22395,0
11028854,-27290,0
10850260,-27499,0
11410938,-12916,0
12859063,-28749,0
10598803,-27239,0
11184375,-29218,0
11241876,-27447,0
11156979,-10051,0
11259740,-26614,0
10879479,-21822,0
11428958,-30520,0
11615313,-22343,0
11353125,-28593,0
11580156,-26093,0
13239427,-25989,0
11187135,-23853,0
12035833,-25884,0
12242657,-29010,0
11233959,-27916,0
11433594,-16145,0
11780729,-26822,0
11762344,-27707,0
11315833,-25311,0
11443958,-26613,0
11851250,-24687,0
13415104,-29321,0
11268021,-22447,0
11955052,-22968,0
11984531,-27760,0
11868386,-25312,0
12042083,-24113,0
11625313,-25937,0
12166042,-8228,0
11793334,-27187,0
11466562,-26978,0
11717396,-27708,0
13412708,-7655,0
11500312,-26561,0
11918594,-27395,0
11817552,-24634,0
11094479,-15884,0
11204479,-28228,0
11148698,-28124,0
11348958,-10728,0
11048646,-25832,0
10753750,-22551,0
10997135,-27343,0
12793489,-24582,0
10878021,-8228,0
11086562,-19791,0
10982031,-22863,0
10599584,-26927,0
10857396,-29634,0
10785417,-26301,0
11502240,-25416,0
11277291,-28332,0
10879062,-23801,0
11246875,-26562,0
13069115,-14218,0
11252500,-21040,0
11791615,-26874,0
11490885,-29843,0
11416875,-16926,0
11077083,-25572,0
11272865,-23281,0
11207500,-25884,0
11556823,-26041,0
11435157,-27031,0
11131146,-27291,0
12821302,-29426,0
10954687,-20572,0
11801771,-24322,0
11417708,-28384,0
10935521,-27759,0
11397604,-27030,0
11230990,-21822,0
11640937,-27186,0
11202864,-32238,0
11312187,-19634,0
11340990,-27395,0
12859479,-27811,0
11311719,-26614,0
11350364,-5207,0
11941875,-28229,0
11822031,-27291,0
11710989,-25936,0
11837812,-32238,0
11759688,-25884,0
11807240,-23333,0
12086198,-19426,0
11749896,-27551,0
13503854,-31874,0
11748178,-22447,0
11666823,-27551,0
11605000,-27916,0
11694479,-26093,0
10844531,-37864,0
11260260,-19113,0
11346875,-27030,0
11336354,-27811,0
11126875,-10259,0
11788125,-27551,0
13280312,-26926,0
10851667,-28228,0
11778385,-6822,0
12144271,-27707,0
11536041,-27290,0
10840104,-22343,0
11720885,-28176,0
11116041,-28332,0
10735678,-31249,0
10288854,-28020,0
11063906,-21613,0
12930781,-22447,0
10389532,-23281,0
10232604,-28436,0
10765885,-22238,0
10803854,-27082,0
10333073,-21562,0
9907343,142292,0
11227968,-26040,0
10785052,-26822,0
10322187,-27707,0
10110000,-20676,0
12368073,-13228,0
10701927,-24374,0
10740261,-25572,0
10753177,-26249,0
10386979,-28176,0
10648385,-27238,0
10369532,-21926,0
10819167,-25936,0
10542501,-24583,0
13597032,-17135,0
15258750,-27811,0
13864479,-15103,0
13630209,-25260,0
14980781,-21093,0
13605678,-26979,0
13485938,-21249,0
13304271,-25312,0
12902708,-24738,0
12946719,-22395,0
12637135,-29426,0
11964740,-22655,0
11826094,-21770,0
12239583,-26822,0
12196719,-32656,0
13870990,-24791,0
11842761,-26197,0
11337343,-14374,0
11593281,-25572,0
11842396,-25989,0
11909531,-26457,0
11788698,-26926,0
10954219,-24270,0
11585000,-24582,0
11533855,-28437,0
11577500,-10989,0
13264895,-26197,0
11223021,-27864,0
11668281,-22812,0
11330520,-16509,0
11142395,-25676,0
11593907,-22135,0
11500834,-26510,0
11538802,-27655,0
10684531,-27916,0
11114583,-25884,0
11640208,-27186,0
13191406,-32186,0
11126094,-25103,0
11301980,-29114,0
11285261,-24322,0
11355469,-27760,0
11527344,-23593,0
11600417,-27134,0
10688489,-27343,0
10643802,-8697,0
10781562,-24947,0
11250730,-32447,0
13069427,-28228,0
11256302,-27343,0
11816198,-8436,0
11479427,-28281,0
11511563,-27916,0
12019219,-24374,0
11957292,-20156,0
11637657,-25677,0
11302291,-29217,0
11441875,-6249,0
11807552,-24687,0
13472864,-29738,0
11639011,-28385,0
11966718,-18436,0
11614844,-27395,0
11807708,-27187,0
12337708,-29009,0
12258542,-24062,0
11345990,-27916,0
10963021,-31666,0
11353125,-23853,0
11742083,-24791,0
13475000,-27030,0
11199427,-20416,0
11800781,-24791,0
11365521,-26354,0
11634844,-26509,0
11722187,-26040,0
11688906,-13749,0
10912604,-26978,0
10562969,-21614,0
11037395,-30519,0
11311198,-16978,0
12855156,-24374,0
10853906,-29478,0
10892188,-22395,0
10995208,-28072,0
11010937,-14947,0
11477188,-24531,0
11434219,-25155,0
11147031,-13541,0
10844375,-27187,0
10929063,-23020,0
11231303,-27135,0
12918907,-24010,0
10941042,-11093,0
10983750,-27915,0
10898489,-22603,0
11038646,-27812,0
11387656,-22968,0
11209739,-27186,0
10413021,-22395,0
10156042,-27134,0
11104740,-23957,0
11651458,-25520,0
13319584,-10728,0
11706146,-21145,0
12273385,-27186,0
11893073,-32863,0
11926719,-26874,0
11635625,-26510,0
11514687,-28019,0
10511354,-27447,0
10468177,-26874,0
10704896,-28801,0
10994427,-26041,0
12815104,-29791,0
10737605,-17499,0
11147969,-27447,0
10723645,-26092,0
10581198,-22707,0
11124739,-23124,0
10747813,-22499,0
10111511,-29166,0
12851094,-27916,0
12897708,-25520,0
14709531,-24790,0
12804948,-5676,0
14756927,-23332,0
13986511,-27864,0
14103073,-23229,0
14937136,-27916,0
15010938,-26354,0
13284323,-20259,0
13924687,-29217,0
13184531,-27395,0
14620261,-26406,0
14412500,-11406,0
14644531,-26770,0
14921198,-16978,0
14234428,-24999,0
14514740,-20937,0
14766354,-25311,0
14545000,-26353,0
13713021,-22603,0
13549427,-24322,0
12157032,-30364,0
12904375,-26405,0
13160209,-32604,0
12355833,-29478,0
13912813,-24166,0
12037240,-29843,0
10867396,-21354,0
11079687,-23384,0
9983386,152344,0
9383229,155833,0
9296093,129375,0
9439167,139636,0
11531771,-28958,0
9901093,144584,0
9489115,145625,0
9795625,145938,0
9413646,147240,0
9330677,149218,0
9805937,129323,0
10005677,132865,0
9302448,145052,0
9341771,151406,0
9117969,367500,0
11071615,-10416,0
9667396,142761,0
9582396,147813,0
8943698,143698,0
8981667,131614,0
9249063,147864,0
9877969,150000,0
11068438,-22708,0
11205834,-21822,0
11371510,-27707,0
11317969,-26613,0
13561615,-22916,0
12057708,-25311,0
11703229,-28020,0
11515886,-28489,0
11598229,-29322,0
11081146,-7760,0
11732760,-27186,0
10947709,-26301,0
11167813,-21562,0
10933593,-23749,0
11053594,-26041,0
13099636,-30208,0
11672344,-26458,0
11207396,-15520,0
10679427,-25155,0
10630365,-25728,0
10165104,-29687,0
10428854,-26561,0
10182969,-11249,0
10327291,-19061,0
11137396,-23437,0
11439219,-23229,0
13444271,-28801,0
11918282,-23020,0
12090312,-25311,0
11620834,-28072,0
11846770,-28019,0
11542500,-22238,0
10398802,-26457,0
10885730,-27864,0
11154219,-27603,0
11229479,-7551,0
12266250,-27812,0
10376198,-24947,0
10242084,-26978,0
10280521,-27291,0
10278958,-31561,0
10210000,-24061,0
9811719,140885,0
10745573,-21249,0
10379479,-27135,0
9859948,143438,0
9686406,148438,0
12350157,-26458,0
11403282,-14114,0
11605989,-27759,0
11284011,-27291,0
11423021,-28749,0
11296511,-30520,0
11121511,-20207,0
11495677,-23072,0
11160729,-27551,0
10876146,-14114,0
11329948,-26458,0
13355261,-24947,0
11105834,-21770,0
11520885,-23645,0
10855365,-27291,0
11441407,-22395,0
11516510,-28176,0
11300573,-22968,0
11129844,-24062,0
10761927,-27291,0
11707187,-28697,0
11694427,-30676,0
13983490,-22864,0
11968281,-25988,0
11456094,-25103,0
11168229,-12030,0
11483542,-27395,0
10940573,-30416,0
11011146,-19218,0
11128177,-27707,0
11204635,-21613,0
13110260,-24947,0
10970417,-23801,0
10585989,-22395,0
10969844,-25468,0
11026250,-26874,0
9657240,147708,0
9764011,146354,0
1038958,-655988,0
10776979,-25989,0
10470104,-26614,0
10699375,-24426,0
9652291,144792,0
11380729,-29062,0
10496511,-28697,0
10465885,-32186,0
10899844,-11614,0
10872864,-23905,0
10999427,-23332,0
10987657,-27499,0
10997813,-22708,0
9516823,146615,0
10182500,-21249,0
10236875,-26301,0
11922553,-26302,0
9441251,147343,0
10199948,-32499,0
10133438,-28437,0
9455677,143229,0
8551042,145260,0
9528750,129844,0
10237292,-26822,0
10565313,-25416,0
10880573,-28281,0
10516875,-5103,0
11950521,-19010,0
9324896,142187,0
9116979,144479,0
12659114,-27447,0
11991875,-22394,0
11937396,-21770,0
11718958,-31613,0
13497291,-33436,0
12702500,-26093,0
12983593,-25988,0
11947396,-8176,0
12110625,-24686,0
12257500,-30311,0
11873073,-27134,0
11439532,-19270,0
11315104,-27030,0
11542917,-24166,0
11583594,-17083,0
13022708,-27707,0
12038854,-26145,0
11928229,-16874,0
11907708,-27395,0
12262396,-25937,0
12378750,-27082,0
12276615,-12499,0
12407865,-20520,0
12209635,-20363,0
12070989,-27238,0
11832708,-23957,0
13165000,-28437,0
12157760,-25364,0
11943282,-25989,0
11644844,-25937,0
11585260,-26145,0
11719531,-25207,0
11654479,-26770,0
11441042,-25780,0
10566823,-21458,0
11090208,-23957,0
11373802,-25415,0
12763020,-30259,0
11334739,-19738,0
11033906,-25937,0
10159323,-29166,0
10817500,-26822,0
10663229,-26197,0
11344375,-27447,0
11206302,-28645,0
10629843,-27759,0
11263282,-25989,0
10384584,-26562,0
12446667,-27343,0
11257552,-24165,0
10953438,-24583,0
10674584,-25364,0
11252135,-25624,0
10486354,-26822,0
11405000,-32655,0
11432604,-25051,0
10785312,-26718,0
10828646,-28176,0
10749636,-38593,0
11900469,-17916,0
10928073,-24010,0
11058229,-28592,0
10261094,-25624,0
10462344,-26509,0
10328489,-23020,0
10435677,-11509,0
11039583,-20364,0
10455834,-26978,0
10545469,-22187,0
10502656,-25520,0
12184062,-28072,0
10620157,-26354,0
10614896,-25312,0
10564895,-26353,0
10847396,-28541,0
11205105,-28281,0
10633177,-29686,0
12281146,-30415,0
11388698,-27135,0
11631094,-27760,0
11567031,-12238,0
13005885,-14843,0
12006719,-10051,0
11978750,-31509,0
11788802,-20884,0
11861563,-23124,0
11590886,-17343,0
11630156,-30572,0
11475573,-27655,0
11096614,-28124,0
11951823,-27030,0
11500469,-15155,0
13532188,-27812,0
11968073,-27811,0
12115781,-6562,0
11591354,-26457,0
11953698,-24791,0
11760156,-27395,0
11490521,-5676,0
11702812,-25780,0
10683385,-23801,0
10765886,-29687,0
10870261,-11822,0
12610260,-28020,0
11616198,-26978,0
11960833,-23228,0
11279583,-4478,0
11489271,-27187,0
11186511,-23124,0
11161979,-27238,0
12113281,-26770,0
12172396,-27812,0
12405052,-26614,0
11929427,-24895,0
14288437,-35155,0
12613906,-27603,0
20675261,-8437,0
11313125,-27499,0
20174688,-26874,0
11978646,-27603,0
20301355,-23333,0
19681250,-20572,0
11943125,-27551,0
20099479,-28332,0
10896823,-26614,0
21478438,-29114,0
11652188,-32083,0
20291250,-21561,0
12014323,-25676,0
11102604,-26926,0
12250781,-28176,0
11550521,-7030,0
11417657,-24895,0
12086146,-27604,0
13211667,-14999,0
12890521,-22656,0
15548958,-29738,0
13710052,-26562,0
14239115,-26874,0
12428594,-33228,0
12911406,-26978,0
13513490,-23489,0
13935573,-30468,0
12325781,-24426,0
12061042,-21353,0
12755156,-25624,0
13097605,-19947,0
14787812,-27186,0
13700521,-5207,0
13062239,-20207,0
12209584,-28749,0
12228438,-20312,0
11727135,-28593,0
10771406,-27551,0
10582136,-26041,0
10335469,-23593,0
10908646,-26092,0
9245365,128385,0
10956146,-30572,0
9686146,131198,0
9012812,143803,0
9220209,145729,0
10174323,-26822,0
10187500,-15624,0
10080937,-8228,0
9665937,156615,0
8661979,129896,0
9497083,141510,0
9261302,146355,0
10462917,-25780,0
8803334,142864,0
9661458,146354,0
9161719,144739,0
11204115,-24010,0
10934687,-25988,0
11293125,-24426,0
10772813,-26666,0
11823802,-23644,0
9128177,145208,0
9853594,147396,0
9819219,128750,0
10242604,-22551,0
10297188,-26510,0
10407761,-23958,0
10135625,-12916,0
9943854,145573,0
10744375,-21510,0
11186094,-34322,0
12411042,-27395,0
9441771,143645,0
9302448,364583,0
10270364,-31769,0
10880990,-10416,0
11360677,-25155,0
10945834,-26978,0
10192969,-28958,0
9986719,137656,0
10717916,-5676,0
10415782,-19895,0
12004531,-25884,0
9607969,146406,0
9969219,147865,0
9986719,145990,0
10313073,-27238,0
10342396,-24843,0
9368646,147136,0
9576667,155156,0
9375053,128645,0
9961355,144062,0
9733542,148021,0
10791146,-29530,0
8523645,147188,0
12161146,-13905,0
12025937,-24530,0
12417084,-24583,0
11014896,-21978,0
11465208,-22603,0
10263282,-23385,0
9536042,144427,0
10238594,-28437,0
9365364,148386,0
9368125,141510,0
8858854,142604,0
8547291,151615,0
8702656,333802,0
9127709,141927,0
9241146,144531,0
11561406,-26822,0
10493698,-27551,0
10643281,-27238,0
11235625,-24999,0
10607031,-32291,0
10731094,-12968,0
10697396,-27916,0
9281770,146771,0
8739271,145208,0
10122396,-25884,0
9470000,146563,0
11400209,-30572,0
9301928,147083,0
10484844,-26562,0
11152344,-27082,0
11285834,-27916,0
10737292,-27655,0
10904219,-28437,0
10220677,-25519,0
9796354,141979,0
9215885,-9855155,0
9482604,126614,0
11458906,-26613,0
10468125,-27291,0
9768281,146250,0
9782656,147084,0
10294479,-12030,0
10180104,-19635,0
10143177,-27083,0
10149739,-24113,0
9635417,148021,0
9632448,143750,0
9354636,332031,0
11276510,-28176,0
9426458,130000,0
9011667,147188,0
9442187,149584,0
9358438,141094,0
10316875,-28072,0
10237395,-27238,0
9531823,150156,0
10163906,-34530,0
10199479,-8072,0
10117500,-17864,0
11846823,-22967,0
9819843,145678,0
9759270,145209,0
9736615,144948,0
9543281,148490,0
8806562,147552,0
8229062,148490,0
8155000,152552,0
8793750,129583,0
9490990,144427,0
8527188,146458,0
10216927,-28853,0
7916823,141354,0
8509427,144896,0
9611822,146198,0
10142812,-26770,0
8482813,128906,0
8841406,149584,0
9216146,150989,0
9204375,147500,0
9238177,148594,0
9628542,148333,0
10379843,-23540,0
8884063,130469,0
9027916,147188,0
9212396,147604,0
9434531,140677,0
8644427,145573,0
8765157,148281,0
8908542,147136,0
8235625,146458,0
8749323,143386,0
9024114,128646,0
10665052,-24947,0
8290729,147760,0
8496354,142240,0
8584896,144843,0
9297917,142865,0
9733281,164063,0
10769375,-24217,0
8873230,153489,0
8632292,131145,0
8916459,155573,0
9910261,145729,0
11657969,-25468,0
9767969,147917,0
8067657,152604,0
8187344,148073,0
8821250,145937,0
8209166,144323,0
8831458,130625,0
8445365,154531,0
8236719,142813,0
8708854,145052,0
8272032,145000,0
10307813,-27030,0
7915365,157552,0
8060157,144427,0
8572136,152864,0
9698646,129583,0
10090990,-21145,0
8946719,144948,0
8721302,153907,0
8410833,145573,0
9639896,146093,0
9761198,145260,0
11646458,-26874,0
8753125,157708,0
9045781,130677,0
9240000,144114,0
9345312,146771,0
8981771,146666,0
9069636,145989,0
8756667,152917,0
8249218,146823,0
8814688,147760,0
9200677,143073,0
11359219,-22968,0
8529895,144948,0
8239688,147396,0
8560573,140938,0
9524844,157292,0
8305469,-9852968,0
8460885,131354,0
9181615,146197,0
8470677,172709,0
8693437,129167,0
9283541,148021,0
10429688,-24843,0
8943281,145208,0
8506823,146407,0
8908958,146667,0
9202760,326615,0
8819219,145364,0
9528125,146511,0
8443854,154427,0
9612031,162031,0
9613593,142969,0
9054062,147240,0
9951927,144636,0
9114948,144427,0
9506302,149219,0
9491146,148542,0
8745834,146562,0
8185104,145469,0
8451719,142656,0
8327500,175834,0
9171302,153750,0
8299635,147188,0
10887552,-28384,0
9866198,147083,0
11518542,-32447,0
9553438,143281,0
9092760,146042,0
8501250,364062,0
7929427,146615,0
9225938,145781,0
9636563,143854,0
8961510,152344,0
8107656,144115,0
8801667,129218,0
8853282,140937,0
11123073,-26509,0
9652916,146615,0
9435781,145104,0
9483959,147344,0
9200781,144739,0
8853855,146875,0
7915261,136354,0
8724844,132552,0
8274844,141667,0
8124271,146198,0
8665365,143489,0
9669583,141354,0
8180365,145625,0
8072917,143437,0
7990521,130885,0
8750104,377916,0
9080938,146198,0
8680261,143385,0
8595313,149271,0
8708177,154062,0
9099114,145625,0
9852552,145833,0
11068333,-23593,0
9697865,130729,0
8848385,148177,0
8472657,147864,0
8029062,147708,0
8445416,145521,0
8482604,143594,0
8647916,150678,0
9367240,161354,0
10189948,-3281,0
10473855,-17812,0
11665833,-24009,0
13515886,-26458,0
11442344,-25989,0
10985990,-27551,0
11637865,-28124,0
13381614,-23332,0
12330469,-27395,0
11923907,-27239,0
11958125,-29166,0
11899948,-19426,0
11094791,-25207,0
10691979,-22290,0
10346250,-31510,0
9176562,148594,0
7903281,146979,0
9294584,144114,0
9588750,145313,0
9393594,145834,0
9551302,137709,0
8789323,145834,0
8287135,-9856353,0
8485573,146042,0
8229479,146510,0
9096979,151875,0
7949583,147917,0
9145260,141771,0
9737761,142395,0
11448438,-27499,0
10065208,-23749,0
9874583,145469,0
9849219,148333,0
9813073,145260,0
9375260,151771,0
9213854,151093,0
9720313,150416,0
8348802,145417,0
8237448,129375,0
9126719,139479,0
11926146,-27968,0
10094427,-23645,0
9743281,145469,0
9034271,149062,0
8272552,151354,0
7958333,143750,0
8151979,141458,0
8565468,127605,0
10125834,-23489,0
8036979,149480,0
8451303,144843,0
8513750,146563,0
8982343,144584,0
9456980,141875,0
8727864,132448,0
8616198,151302,0
8124792,135364,0
8787136,147500,0
8533333,-9854478,0
9934896,148021,0
8069010,143177,0
8898855,143437,0
9653750,150312,0
9347187,126354,0
9385104,379532,0
7949167,147552,0
8516979,152292,0
7987448,145261,0
9062657,141146,0
8803542,153802,0
10379270,-25572,0
8427969,143385,0
8670313,130000,0
9838594,144896,0
9699531,146615,0
8781042,147291,0
8227761,145364,0
8778594,153021,0
8189062,142604,0
8601250,-9869113,0
8511458,141562,0
10296563,-26562,0
9191146,147916,0
8799010,142656,0
8863229,143125,0
8998489,146667,0
8655261,143073,0
8481667,398854,0
8987656,135313,0
9327135,148438,0
10648698,-26145,0
10919219,-24634,0
11568750,-28176,0
9634375,145209,0
9430937,145053,0
9628959,142291,0
10264843,-28072,0
10635729,-26822,0
9793750,129584,0
8961042,132968,0
8957031,143802,0
9828802,146093,0
10139844,-29374,0
11246094,-8801,0
9920990,147187,0
9916667,144792,0
9230938,146302,0
9636250,130417,0
9193750,145729,0
8653802,144062,0
8812344,150261,0
8979479,144479,0
9802136,153489,0
10211406,-23801,0
10777865,-26510,0
8827032,145104,0
8972083,129219,0
9831302,-9845989,0
9947032,147604,0
10387031,-26926,0
9262604,144531,0
8418229,374844,0
8721355,147864,0
9082292,141979,0
9131615,146458,0
10884115,-28801,0
9728490,148229,0
9802916,146980,0
9042604,149062,0
8675313,146250,0
8970938,152448,0
8197187,142709,0
8544011,151927,0
8948177,145260,0
9161354,146198,0
8942135,145469,0
9951146,142187,0
8657969,146823,0
8206354,154687,0
8547604,143646,0
8874011,149948,0
7819219,147969,0
8106875,130000,0
8212448,148697,0
9676719,360677,0
8395885,141823,0
8732448,146822,0
8011979,-9857343,0
8170521,132396,0
8120000,147604,0
8005729,140625,0
8632500,133959,0
7961302,146354,0
7768907,145625,0
8229636,143385,0
9670260,142604,0
8326615,144166,0
8316407,128437,0
8120260,-9854426,0
8029219,146614,0
8162187,144792,0
8077239,147084,0
8621614,150834,0
7969792,146302,0
7848177,144688,0
8196979,145938,0
9790782,141510,0
8598542,146771,0
8342136,145000,0
8221667,147396,0
8033229,147552,0
8157761,145156,0
8098906,146771,0
8546563,160572,0
7851511,128593,0
8017135,142292,0
7880261,145052,0
10015312,143542,0
8643178,146614,0
8283281,362344,0
11797240,-27395,0
11413334,-13333,0
11517760,-26040,0
11952813,-22812,0
13706354,-26353,0
12176615,-21979,0
12112187,-26822,0
12098750,-23645,0
11894636,-22916,0
12163802,-26822,0
12220573,-24322,0
11173490,-22604,0
11096146,-28854,0
11426823,-29791,0
11592813,-26614,0
13507708,-25832,0
11403437,-24739,0
11716459,-29895,0
11586041,-26926,0
11152136,-22187,0
11903854,-25624,0
11820782,-26093,0
10551823,-19582,0
9916980,143333,0
10304271,-26301,0
10584427,-24270,0
12230208,-26197,0
9766979,142188,0
9563958,149271,0
9395001,130156,0
9608958,145521,0
9220469,147604,0
9014219,149375,0
11558437,-26301,0
12313750,-29426,0
13707760,-29165,0
14199166,-25624,0
16079115,-26145,0
14919844,-26509,0
14922708,-9894,0
14927865,-26093,0
15240990,-19635,0
15037031,-25832,0
14423542,-27395,0
12227812,-24218,0
10281615,-26770,0
8966979,143958,0
10265416,-24113,0
11646458,-23593,0
10652553,-27395,0
11029583,-7603,0
11345364,-25363,0
11576875,-25624,0
12358490,-27812,0
12418698,-28436,0
11561354,-24165,0
11465105,-27499,0
11261510,-3592,0
11815729,-25311,0
12852812,-28645,0
10123334,-27551,0
10132969,-30989,0
9052917,143542,0
9041927,174010,0
10804844,-10312,0
11376198,-25988,0
11120833,-22082,0
10971094,-27291,0
11127500,-18957,0
11563959,-27603,0
12891666,-23280,0
11339844,-22916,0
11534166,-25415,0
11362344,-25572,0
11401198,-22239,0
11627448,-25312,0
11744895,-23019,0
11002083,-30311,0
10572864,-26822,0
10836666,-25884,0
10949896,-25155,0
12651302,-8072,0
10719948,-31041,0
10761927,-22343,0
10915782,-27135,0
11157395,-22290,0
11862292,-30676,0
12007761,-19895,0
11741719,-26666,0
11188073,-24427,0
11690677,-26822,0
11790104,-25936,0
13083854,-26510,0
11513177,-9114,0
11194635,-26561,0
11679479,-28176,0
11741406,-28228,0
12165625,-26249,0
12349480,-25729,0
12605885,-26926,0
12036615,-23176,0
12364843,-21769,0
12749427,-25520,0
14082395,-10207,0
12924791,-26770,0
12862135,-29217,0
13023177,-22707,0
12755156,-26509,0
12808854,-25936,0
13130156,-26665,0
10686355,-4947,0
10177240,-24895,0
9540052,154687,0
9961146,146407,0
11890573,-27291,0
10228073,-26197,0
11096146,-27968,0
11109947,-24686,0
11869948,-5519,0
12454375,-25832,0
12261927,-28749,0
11795677,-26614,0
11908282,-28176,0
12055677,-27395,0
11756459,-29895,0
13302864,-26613,0
11040000,-26301,0
10932709,-24635,0
10531250,-29999,0
10230208,-9895,0
10823698,-25156,0
10526719,-28645,0
10068750,-30155,0
9119010,146250,0
9870573,131146,0
10288802,-27499,0
12010573,-23280,0
9757552,143958,0
9534167,376510,0
9996510,149115,0
10069062,-28592,0
9988645,146198,0
10401667,-27082,0
9509270,153594,0
8488386,143489,0
9390052,132552,0
9645208,146771,0
10581875,-25832,0
8488594,146719,0
8447135,147396,0
8342864,148750,0
8717031,149323,0
8983854,145833,0
8690104,129011,0
9334687,132865,0
8395209,146666,0
8244896,144688,0
9125833,144115,0
10836042,-26197,0
8767552,141927,0
9017916,135365,0
8984114,367813,0
9080937,130782,0
9894115,147135,0
9788594,142812,0
10078698,-31822,0
9441510,150729,0
9401302,150468,0
9274063,147656,0
11002188,9970416,0
8881302,147552,0
9025833,146719,0
9595313,149375,0
8951407,143437,0
9420990,150052,0
9254010,145209,0
9638282,152343,0
8851719,145313,0
8862136,128646,0
9290885,142500,0
10765573,-25156,0
9076511,146979,0
8494427,142240,0
8636146,144531,0
8267552,370990,0
8976927,144219,0
8613802,141042,0
9377500,138073,0
8652292,145104,0
10093385,-24738,0
11941458,-28488,0
10295416,-19842,0
10217188,-24426,0
11766875,-24270,0
10112032,-27864,0
9946354,142448,0
9879687,149115,0
9344427,146667,0
10014844,133229,0
9678177,145677,0
9902188,150521,0
9365625,145625,0
9260156,147240,0
9625417,146875,0
11021406,-29009,0
9860052,143177,0
10001198,148750,0
10287396,-31978,0
9340833,145938,0
9097292,130365,0
9731667,143177,0
9603178,-9847760,0
8930573,143906,0
8473125,147500,0
8617864,144167,0
10135781,-28801,0
8581823,129531,0
8891198,150677,0
8935104,150417,0
8903542,177083,0
8699427,145729,0
8692343,145782,0
9578021,155364,0
9045000,147813,0
8679531,145365,0
8685209,140260,0
10826927,-23437,0
9285365,145417,0
9724428,140729,0
9035625,144375,0
9447709,139896,0
9492292,143281,0
9461667,129218,0
9468021,159011,0
9006250,143438,0
9067239,147032,0
9202552,145782,0
11149427,-25989,0
8797865,142968,0
12168907,-26458,0
11670417,-26458,0
11748072,-31249,0
11434896,-26041,0
12934115,-27135,0
11384636,-24218,0
11175156,-31665,0
10454271,-14374,0
9751302,144114,0
10210416,-25624,0
11285052,-26874,0
10927708,-28020,0
9333178,140416,0
10570469,-20260,0
10436094,-24947,0
11976979,-23488,0
10945885,-30207,0
11009063,-26353,0
11240469,-27343,0
10502396,-15728,0
10907604,-26770,0
11436823,-24999,0
15247344,-25832,0
15907656,-27238,0
15238229,-22186,0
14738646,-26457,0
14984635,-23593,0
13388438,-25051,0
13206198,-26405,0
13288073,-25468,0
12911146,-17864,0
12627240,-28333,0
13150521,-25832,0
12010104,-26718,0
11419531,-28228,0
11156771,-25676,0
12413594,-12707,0
14093542,-27343,0
12250000,-27082,0
12069011,-18072,0
12014323,-23436,0
12366198,-26093,0
12599895,-31249,0
12983334,-26666,0
12247031,-33905,0
12212813,-26666,0
12850000,-26770,0
12297396,-27864,0
13808698,-27343,0
12625573,-26301,0
12473542,-32447,0
12037032,-26718,0
12299739,-24113,0
12147135,-25207,0
11927239,-16770,0
11021719,-22916,0
10504167,-30103,0
11506823,-31249,0
11257552,-25155,0
13321302,-29061,0
11940833,-22967,0
11346354,-8541,0
11850677,-25051,0
12658854,-21145,0
12373281,-27551,0
11864948,-11874,0
10350521,-26666,0
9432969,148490,0
10532031,-31718,0
10186510,-30416,0
11850052,-7030,0
10948698,-29009,0
11430886,-22187,0
11242343,-27915,0
11479323,-23489,0
11648333,-7707,0
11966458,-27134,0
12332031,-28124,0
11958490,-22395,0
12688802,-25884,0
12357604,-29114,0
13011198,-9374,0
11128177,-27603,0
11579063,-26926,0
11428855,-29010,0
11674532,-5052,0
11541354,-27447,0
11853229,-26457,0
11087083,-13332,0
10281302,-27864,0
10434688,-30885,0
9974948,141354,0
11996250,-27135,0
10668385,-28124,0
10802136,-35260,0
10817292,-8333,0
11090937,-23488,0
10761146,-26041,0
10940053,-25572,0
10096771,-23593,0
10708177,-12395,0
10947032,-27916,0
11101823,-25520,0
12648854,-27135,0
11073698,-27759,0
11612604,-25363,0
11799896,-27343,0
11285469,-25052,0
10978490,-25624,0
10927083,-26770,0
10787552,-27395,0
10149791,-26301,0
10803229,-27655,0
10751875,-26301,0
13033646,-26978,0
9380834,154687,0
8675260,371979,0
8729531,147396,0
8654792,129896,0
10115833,-24061,0
9000365,150000,0
8964635,144479,0
8678021,146406,0
10381094,-7187,0
9606614,140521,0
10494427,-26561,0
9562500,151979,0
8843073,131094,0
9671771,143802,0
10530000,-17239,0
12285520,-29165,0
11134635,-25936,0
10288646,-25989,0
10198750,-26301,0
10597865,-25885,0
11028385,-28384,0
10835000,-26145,0
9557188,157917,0
8927291,144792,0
9247760,129844,0
9018177,147396,0
10754011,-27083,0
9292917,146094,0
9692396,144375,0
10239844,-28749,0
10355364,-30988,0
10507188,-8124,0
9352760,147813,0
9572708,157084,0
8775417,146302,0
8892031,138803,0
9766458,143021,0
10993542,-24634,0
10068802,-30728,0
10341146,-22238,0
9989115,154115,0
9394948,149010,0
9281459,146979,0
10517500,-24426,0
10173229,-29009,0
9923125,144428,0
10049792,-24270,0
11998490,-9791,0
9983489,140469,0
10156510,-26145,0
10358959,-25416,0
10124166,-25520,0
10341771,-27186,0
8756771,147239,0
10483021,-23645,0
9087240,141770,0
8999271,127864,0
9658073,143750,0
10622552,-28228,0
8603542,371093,0
8746302,144323,0
10080468,-31561,0
9565312,146302,0
9754739,131302,0
9507188,149375,0
10765729,-25572,0
9797135,144063,0
9346927,142865,0
9601510,144323,0
11588178,-25364,0
9822709,147656,0
9484167,179010,0
9837865,148385,0
9435521,146979,0
9794740,139531,0
9345468,146667,0
9959844,139635,0
9390156,142657,0
9447448,154896,0
8478646,144219,0
9950157,145885,0
9772240,178073,0
9483177,154791,0
8320938,129270,0
8313229,150313,0
8151718,146302,0
10231354,-24062,0
9327344,142916,0
9585833,146094,0
8316563,142760,0
9530677,144687,0
9259375,149375,0
9606510,131511,0
9011614,146146,0
8644323,146041,0
8822865,146563,0
8487865,146510,0
10707968,-28124,0
8990104,148542,0
9151094,148594,0
8553490,148072,0
9434427,128906,0
9318177,144896,0
9340260,148542,0
10950625,-21666,0
9318281,146302,0
9201771,146198,0
9103073,147709,0
11505104,-14634,0
9966979,144480,0
9830104,149323,0
10069584,-30833,0
9995469,144688,0
9866406,146146,0
10123646,-27186,0
10865677,-13541,0
9733281,141563,0
9109115,149791,0
10007292,148020,0
11473959,-25624,0
9515261,148125,0
9275365,144114,0
8546823,130573,0
8886666,147292,0
8613333,146146,0
8595677,144271,0
9734010,154323,0
8665937,144792,0
8524739,147136,0
8590677,151094,0
9996354,142136,0
8759740,131562,0
8885313,144479,0
8189844,141406,0
8473490,147031,0
8012500,144583,0
8443386,180677,0
9137188,153489,0
8143906,-9871405,0
8661510,364479,0
9317501,141562,0
11362604,-25572,0
9295000,144531,0
9509843,146875,0
9615989,149011,0
10610156,-24843,0
9912083,145157,0
9576042,144010,0
10155312,-25468,0
9934687,129375,0
9695157,147916,0
8460261,142292,0
10470156,-27916,0
8496094,175104,0
8964062,146823,0
8508958,149687,0
9374167,137292,0
9681823,157448,0
9580469,145156,0
9745833,151563,0
8898594,148854,0
10063698,-31093,0
9719323,369011,0
11629739,-32655,0
9970416,144636,0
10453593,-26613,0
10160990,-27656,0
10435989,-23645,0
9245781,147709,0
9368333,149583,0
10150313,-17447,0
8663281,147657,0
9364740,145365,0
8900000,146719,0
10679375,-26979,0
8804167,128750,0
9299948,147604,0
9388125,144740,0
10117969,-27707,0
8859896,146458,0
9011615,142500,0
9826250,150573,0
8954218,148282,0
9014010,148230,0
8580729,147239,0
11065260,-21144,0
9421667,143594,0
9802292,145938,0
9501406,159323,0
9266719,148020,0
9280886,146042,0
9536094,128593,0
10553906,-26509,0
8829636,130677,0
9198542,-9854634,0
9371614,147136,0
10785833,-25155,0
9012553,141979,0
10070677,-31926,0
8682865,147187,0
9694063,147396,0
9717240,147552,0
9196093,130313,0
10186146,-19634,0
8240782,144322,0
8891667,144011,0
9038698,146979,0
11656042,-30311,0
8908594,154531,0
8894270,141771,0
9300938,147343,0
10097344,-24738,0
9987343,146615,0
9559427,144167,0
10828073,-20728,0
9920729,145677,0
10472761,-29010,0
11969532,-26406,0
10373541,-23332,0
10197552,-27343,0
11843281,-27395,0
10105000,-21249,0
9918646,150677,0
9231354,145573,0
9676718,144896,0
9536927,137188,0
8865625,146145,0
9407761,147604,0
8518906,148334,0
9231407,150625,0
9247240,147135,0
11208906,-13905,0
8700104,147396,0
8828177,144114,0
8595937,128542,0
9358594,141875,0
9353125,144792,0
8937240,144896,0
9560573,189115,0
8516406,146980,0
10333438,-14010,0
9623282,141822,0
11593698,-28020,0
8441979,132396,0
8953646,141250,0
9408698,144270,0
9489010,144584,0
9384063,143333,0
8716928,153802,0
9717656,150781,0
8915520,143125,0
10414010,-26457,0
10157969,-28957,0
11731875,-24061,0
9929948,132500,0
9735000,142240,0
9518282,144791,0
9566093,145990,0
9612969,145052,0
9452084,143593,0
9833229,148594,0
9872552,130782,0
10760677,-26666,0
10525104,-26509,0
12118490,-22082,0
9843803,130000,0
9565573,145990,0
9412084,144583,0
10276875,-28385,0
10972187,-25468,0
10488959,-23072,0
9245573,152761,0
8596615,144271,0
8785208,147084,0
8717344,130104,0
10910781,-23697,0
10059740,-26041,0
9564375,-9635936,0
9252396,144323,0
9607396,147240,0
9487344,145260,0
8568281,145677,0
9575208,150677,0
9133594,129583,0
9618125,147969,0
9559271,146614,0
11481563,-29427,0
9914427,148125,0
8999948,155157,0
9740260,141303,0
9890625,146041,0
8549011,130729,0
9233021,143750,0
9663490,152448,0
9674531,147761,0
9488594,144687,0
8932708,138854,0
10902760,-27655,0
9090312,147188,0
8736563,157448,0
9020677,324531,0
9619323,145312,0
9751458,148073,0
9468177,147187,0
9263438,155885,0
8575937,143281,0
9423854,147500,0
10057552,-30207,0
11365990,-26926,0
10105312,-30520,0
10110156,-27030,0
9118438,146979,0
9049427,147291,0
8496667,148281,0
8627500,146406,0
9684062,154479,0
9393646,141667,0
10003854,148021,0
10447864,-28020,0
12468906,-22134,0
10542344,-19478,0
9986093,147500,0
9569531,158125,0
9884480,146145,0
10324427,-26978,0
10273854,-26614,0
9284062,153177,0
8740417,146614,0
9568750,142500,0
10836198,-28697,0
11867395,-26874,0
9987031,146407,0
10097969,-25104,0
9169323,144271,0
8790104,144792,0
9082240,145781,0
8468177,144166,0
9401823,148645,0
8618020,142292,0
9792604,125469,0
9572552,158802,0
10800781,-29009,0
9995469,146927,0
9283281,148177,0
9041354,143802,0
9121615,142552,0
8492656,144792,0
10401927,-24009,0
8308542,130938,0
8544948,147812,0
9302344,140365,0
9910417,146250,0
9035313,145469,0
8719427,147239,0
9116406,153334,0
9447500,151510,0
10015469,147292,0
10142708,-26874,0
11712188,-22395,0
9289948,148333,0
9738541,145834,0
9851927,145521,0
9520365,147656,0
8638906,144635,0
9545000,145000,0
9038854,153229,0
8473698,128750,0
8696979,145104,0
8454479,142292,0
11250052,-30312,0
9191250,146823,0
9418646,155208,0
9270729,147552,0
9742969,147865,0
9198229,142813,0
9112240,131458,0
9014011,152448,0
9331980,147031,0
10314427,-28540,0
9941198,143802,0
10895104,-27343,0
8984896,142604,0
9491875,146354,0
9385156,143594,0
9368438,128906,0
9354531,144115,0
9159948,152656,0
9288541,153021,0
8638854,147917,0
8910937,146198,0
8827812,149167,0
11130156,-30103,0
9589948,145989,0
9819896,129792,0
9916250,144271,0
8505312,147500,0
8303750,146614,0
8111458,147396,0
8337187,142292,0
10142708,-25988,0
8606458,131927,0
8160886,145521,0
8112864,147292,0
8168594,365312,0
8000000,144063,0
8832761,146823,0
8723750,149270,0
8299896,147239,0
7935364,146928,0
7768229,130052,0
9853386,146666,0
7966146,146198,0
7779895,141459,0
7533385,147240,0
7816718,146875,0
7547813,145833,0
8213125,130521,0
8390208,151771,0
7632552,146302,0
7901146,145313,0
7656771,146719,0
10083177,-15936,0
7797396,149427,0
7718229,143230,0
7495729,172344,0
7554532,126770,0
7653646,378542,0
7770573,146093,0
8554948,155417,0
7834427,146094,0
8231719,145677,0
7719844,144740,0
10228282,-27760,0
8132083,147083,0
7752969,158073,0
7891615,147291,0
7590885,146667,0
7957031,148802,0
8191667,145989,0
8774635,150990,0
7971407,147187,0
8201354,128646,0
8385000,142084,0
10450104,-28488,0
9110261,182187,0
8988646,148541,0
9472865,144948,0
9726614,147031,0
10439948,-27759,0
10937656,-27187,0
9969219,134270,0
10013386,147083,0
11046250,-29947,0
11554062,-20363,0
13090157,-24739,0
11712083,-29947,0
11518542,-29166,0
12025104,-25468,0
10880573,-26822,0
10177916,-28853,0
10469687,-25155,0
10313490,-20884,0
9116511,146719,0
9444844,146406,0
10454895,-22967,0
8235052,145208,0
8145833,147552,0
8001979,148021,0
9969167,147760,0
8003854,147031,0
8529896,131198,0
8632292,147708,0
8119375,142344,0
8491250,152135,0
8457136,145156,0
9269323,150417,0
8263802,143802,0
8319323,145052,0
8307083,152240,0
10046250,-23540,0
8300938,147291,0
8414479,143698,0
8651459,145468,0
8190834,141979,0
8363073,144011,0
8239687,128282,0
9181407,134166,0
8372604,147656,0
8167812,147448,0
8261770,142813,0
9938177,145521,0
8332812,144740,0
9850365,156979,0
9828854,148073,0
10104792,-27551,0
10099843,-27551,0
12077604,-21457,0
12314740,-23749,0
12591354,-26561,0
14155261,-25989,0
16369271,-9791,0
15350469,-21926,0
14828750,-26822,0
15350365,-25259,0
14692760,-34166,0
10765313,-29583,0
11779271,-30520,0
10875469,-24947,0
10346666,-26874,0
11628542,-27603,0
9239219,148125,0
9305677,147292,0
9930729,149844,0
10146042,-30364,0
9807709,149687,0
9080885,146719,0
9632917,152344,0
9033177,146875,0
10148646,-26926,0
9472396,144375,0
10926250,-28489,0
8590573,147135,0
9551302,135208,0
9240417,145573,0
9771771,150364,0
10267605,-7812,0
9912604,146979,0
9628750,155052,0
8573125,144219,0
9098541,152344,0
8575990,147031,0
10242916,-28332,0
8809687,144271,0
9046615,147291,0
9890313,144844,0
10542813,-9530,0
10846615,-23801,0
10053490,-30468,0
9806302,152031,0
9035833,145156,0
10171511,-26927,0
9783594,144114,0
11628594,-11874,0
9574062,155886,0
9909063,142968,0
10314479,-26405,0
10495833,-22655,0
10161042,-27551,0
9348229,152396,0
10065052,-29061,0
10002500,370730,0
10227083,-29738,0
11400573,-27082,0
11426302,-28020,0
9613854,145208,0
9931927,136041,0
10155157,-21250,0
9540365,148698,0
9486146,140885,0
9760156,149896,0
10098958,-30728,0
9308594,145208,0
9741302,145729,0
9340833,148021,0
11589063,-23020,0
10142917,-25885,0
10600990,-28593,0
10791510,-26353,0
10959688,-25364,0
10607969,-25989,0
10513125,-27812,0
9765157,154218,0
10789792,-26197,0
10855417,-25884,0
10744219,-26353,0
12112187,-29322,0
10736511,-14479,0
10552240,-24999,0
10478802,-25780,0
10342917,9974062,0
9760989,147136,0
9654167,147239,0
9357344,159479,0
9248542,145208,0
8918593,145000,0
8827240,146042,0
10401250,-27812,0
8603177,146250,0
8644792,127552,0
8988020,148646,0
8747344,145781,0
8865885,148021,0
8772917,148229,0
9026302,149063,0
8879219,148698,0
8553229,145782,0
8344323,147500,0
10063750,-30780,0
9338333,131667,0
9034167,148437,0
9224323,146354,0
9207344,145365,0
10494635,-33384,0
9177136,141197,0
9169167,141354,0
9598594,127708,0
9472500,147396,0
9371458,142135,0
8894167,373177,0
9471980,154166,0
9273750,148698,0
9147031,147136,0
9153958,148281,0
10651875,-11353,0
9026823,128177,0
9123750,150313,0
9161407,148437,0
9421823,145468,0
9529375,143073,0
9368073,146458,0
